<?xml version="1.0" encoding="utf-8"?>
<prefix name="blogs" label="Blogs" language_tag="en" language_label="English"><key name="activity_string"><value>&lt;a href="{$userUrl}"&gt;{$user}&lt;/a&gt; posted new blog post: &lt;a href="{$url}"&gt;{$title}&lt;/a&gt;</value></key><key name="added"><value>Added</value></key><key name="add_new"><value>Write new post</value></key><key name="add_new_link"><value>Blog post</value></key><key name="admin_blogs_settings_heading"><value>Blogs plugin settings</value></key><key name="admin_settings_results_per_page"><value>Posts on page</value></key><key name="authorization_failed_view_blog"><value>Sorry, you are not allowed to read blogs</value></key><key name="blog"><value>Blog</value></key><key name="blog_archive_lbl_archives"><value>Archives</value></key><key name="blog_index"><value>Blog home</value></key><key name="blog_manage_delete"><value>delete</value></key><key name="blog_widget_preview_length_lbl"><value>Preview Length</value></key><key name="by"><value>By</value></key><key name="change_status_draft"><value>Change Status to Draft</value></key><key name="cmp_widget_post_count"><value>Number of posts to show</value></key><key name="comments"><value>Comments:</value></key><key name="comment_activity_string"><value>&lt;a href="{$actorUrl}"&gt;{$actor}&lt;/a&gt; commented on &lt;a href="{$ownerUrl}"&gt;{$owner}&lt;/a&gt;'s blog: &lt;a href="{$url}"&gt;{$title}&lt;/a&gt;</value></key><key name="comment_notification_string"><value>&lt;a href="{$actorUrl}"&gt;{$actor}&lt;/a&gt; commented on your post: &lt;a href="{$url}"&gt;"{$title}"&lt;/a&gt;</value></key><key name="confirm_delete_photos"><value>Are you sure you want to remove ALL user photos?</value></key><key name="delete_content"><value>Delete content and uninstall plugin</value></key><key name="delete_content_desc"><value>Before uninstalling photo plugin we have to remove all existing user photo content. This may take awhile. That is why we will put the site to "maintenance mode" and activate it back upon completing the uninstall.</value></key><key name="delete_content_warning"><value>Warning</value></key><key name="email_notifications_setting_comment"><value>Someone comments on my post</value></key><key name="flags"><value>Blogs</value></key><key name="go_to_blog"><value>Go to Blogs</value></key><key name="index_widget_empty"><value>No blogs.</value></key><key name="last_saved"><value>Last saved</value></key><key name="latest_post"><value>Lastest Post</value></key><key name="list_page_heading"><value>User blogs</value></key><key name="main_menu_item"><value>Blogs</value></key><key name="management_page_heading"><value>Manage my blog</value></key><key name="manage_page_comment_deleted_msg"><value>Comment deleted</value></key><key name="manage_page_last_updated"><value>Last updated</value></key><key name="manage_page_menu_comments"><value>Incoming Comments</value></key><key name="manage_page_menu_drafts"><value>Drafts</value></key><key name="manage_page_menu_published"><value>Published Posts</value></key><key name="manage_page_post_title"><value>Post title</value></key><key name="manage_page_status"><value>Status</value></key><key name="menuItemBrowseByTag"><value>Browse by Tag</value></key><key name="menuItemLatest"><value>Latest</value></key><key name="menuItemMostDiscussed"><value>Most Discussed</value></key><key name="menuItemTopRated"><value>Top Rated</value></key><key name="more"><value>more</value></key><key name="new_post"><value>New blog post</value></key><key name="next_post"><value>Next post</value></key><key name="not_yet"><value>Not added yet</value></key><key name="no_posts"><value>No posts</value></key><key name="on"><value>on</value></key><key name="page_title_uninstall"><value>Uninstall photo plugin</value></key><key name="plugin_set_for_uninstall"><value>'Blogs' plugin uninstall initiated.</value></key><key name="post_title"><value>Post</value></key><key name="prev_post"><value>Previous post</value></key><key name="rate"><value>Rate:</value></key><key name="read_more"><value>Read more</value></key><key name="results_by_tag"><value>Tag search results for: "&lt;b&gt;{$tag}&lt;/b&gt;"</value></key><key name="sava_draft"><value>Save as Draft</value></key><key name="save_btn_label"><value>Save</value></key><key name="save_form_lbl_post"><value>Post body:</value></key><key name="save_form_lbl_title"><value>Post subject:</value></key><key name="save_page_heading"><value>Create new blog post</value></key><key name="save_publish"><value>Publish</value></key><key name="settings"><value>Settings</value></key><key name="status"><value>Status</value></key><key name="status_draft"><value>Draft</value></key><key name="status_published"><value>Published</value></key><key name="tags"><value>Tags:</value></key><key name="tags_field_label"><value>Tags (comma-separated):</value></key><key name="this_post"><value>This post</value></key><key name="toolbar_comments"><value>comments</value></key><key name="toolbar_delete"><value>Delete</value></key><key name="toolbar_edit"><value>Edit</value></key><key name="uninstall_inprogress"><value>In progress</value></key><key name="uninstall_inprogress_desc"><value>Please wait while all photo content is being removed. This make take awhile depending on the number of photos on your blogs.</value></key><key name="update"><value>Update</value></key><key name="user_blog_page_heading"><value>{$name}'s blog</value></key><key name="user_blog_widget_drafts"><value>Drafts</value></key><key name="user_blog_widget_published_incoming_comments"><value>Incoming comments</value></key><key name="user_blog_widget_published_posts"><value>Published posts</value></key><key name="view_all"><value>View all</value></key><key name="view_page_heading"><value>{$postTitle} &lt;span class="ow_small"&gt;from &lt;a href="{$url}"&gt;{$name}'s blog&lt;/a&gt;&lt;/span&gt;</value></key></prefix>
